Feature ranking:
1,feature 38,0.067301
2,feature 35,0.055028
3,feature 6,0.046484
4,feature 34,0.039698
5,feature 31,0.039119
6,feature 42,0.037921
7,feature 12,0.037383
8,feature 33,0.033105
9,feature 48,0.031846
10,feature 32,0.030411
11,feature 43,0.028996
12,feature 22,0.028723
13,feature 24,0.028289
14,feature 49,0.028132
15,feature 44,0.026866
16,feature 45,0.025300
17,feature 16,0.023467
18,feature 18,0.021491
19,feature 50,0.020505
20,feature 36,0.020110
21,feature 21,0.019426
22,feature 17,0.018472
23,feature 9,0.018177
24,feature 10,0.017775
25,feature 15,0.016902
26,feature 5,0.016614
27,feature 23,0.016510
28,feature 26,0.016458
29,feature 28,0.015999
30,feature 25,0.014671
31,feature 20,0.014082
32,feature 27,0.013912
33,feature 30,0.013683
34,feature 37,0.012884
35,feature 13,0.012558
36,feature 47,0.011730
37,feature 40,0.009215
38,feature 11,0.007575
39,feature 29,0.006169
40,feature 19,0.006022
41,feature 1,0.005785
42,feature 39,0.005577
43,feature 41,0.005253
44,feature 4,0.005220
45,feature 51,0.005112
46,feature 7,0.005102
47,feature 14,0.004674
48,feature 46,0.004394
49,feature 2,0.003913
50,feature 3,0.002545
51,feature 0,0.001873
52,feature 8,0.001540